driver_info,vehicle_info,occupants_info,witness_info,prop_owner_info,form3_driver_info,form3_occupants_info,form3_vehicle_info,form3_witness_info,form3_prop_owner_info,form3_citation_info,form3_owner_info
Driver_Information_Middle_Initial,Vehicle_Damage_and_Roadway_Characteristics_Point_of_First_Impact,Driver_Information_Middle_Initial,Collision_Witnesses_City,Property_Owner_Information_First_Name,Driver_Information_Vehicle_No,Occupants_Address,Vehicle_Information_Driver_Conditions_and_Actions_Hit_and_Run_,Witnesses_Phone_1,Damaged_Properties_Date_of_Birth,Driver_Information_Vehicle_No,Owner
Driver_Information_Address_Line_1,Vehicle_Damage_and_Roadway_Characteristics_Roadway_Surface_Conditions,Occupants_Address_Line_2,Collision_Witnesses_Phone_1,Property_Owner_Information_City,Driver_Information_Safety_Equipment_code,Occupants_Age,Vehicle_Information_Insurance_1_Carrier,Witnesses_License_Number,Damaged_Properties_Phone,Driver_Violations_1st_Violation_Description,Owner_Vehicle_No
Driver_Information_Phone_3,Vehicle_Damage_and_Roadway_Characteristics_Roadway_Surface_Conditions_code,Occupants_Gender,Collision_Witnesses_Middle_Name,Property_Owner_Information_Address_Line_2,Driver_Information_Safety_Equipment,Occupants_Airbags,Vehicle_Information_Vehicle_Damage_and_Roadway_Characteristics_Fire_in_Vehicle,Witnesses_Phone_2,Damaged_Properties_Address,Driver_Violations_1st_Violation,Owner_Name
Driver_Conditions_and_Actions_Drivers_1st_Action,Vehicle_Damage_and_Roadway_Characteristics_Speed_Limit,Violations_3rd_Violation_Description,Collision_Witnesses_Date_Of_Birth,Property_Owner_Information_Middle_Name,Driver_Information_Phone_3,Occupants_Alcohol_and_Drugs_Alcohol_Test_Status,Vehicle_Information_VIN,Witnesses_Address,Damaged_Properties_License_Number,,Owner_Address
Driver_Conditions_and_Actions_Distraction,Vehicle_Information_1st_Factor,Violations_2nd_Violation_Description,Collision_Witnesses_Phone_2,Property_Owner_Information_State,Driver_Information_Phone_2,Occupants_Alcohol_and_Drugs_Determination_Method,Vehicle_Information_Vehicle_Special_Use,Witnesses_Phone_3,Damaged_Properties_Owner,,Owner_Gender
Driver_Conditions_and_Actions_Drivers_3rd_Action,Vehicle_Information_1st_Factor_code,Violations_5th_Violation_Description,Collision_Witnesses_Address_Line_2,Property_Owner_Information_Property_Description,Driver_Information_Phone_1,Occupants_Alcohol_and_Drugs_Drug_Test_Status,Vehicle_Information_Vehicle_Make_Model_Year,Witnesses_Date_of_Birth,,,Owner_Race
Driver_Conditions_and_Actions_Drivers_2nd_Action,Vehicle_Information_2nd_Factor,Violations_4th_Violation_Description,Collision_Witnesses_First_Name,Property_Owner_Information_Last_Name,Driver_Information_Owner_Data,Occupants_Alcohol_and_Drugs_Presence_of_Alcohol,Vehicle_Information_Insurance_1,Witnesses_Name,,,Owner_Date_of_Birth
Alcohol_and_Drugs_Presence_of_Alcohol,Vehicle_Information_2nd_Factor_code,Violations_2nd_Violation_Statute,Collision_Witnesses_Phone_3,Property_Owner_Information_Zip_Code,Driver_Information_Injury_Code,Occupants_Alcohol_and_Drugs_Presence_of_Drugs,Vehicle_Information_Driver_Presence,,,,Owner_Age
Alcohol_and_Drugs_Presence_of_Drugs,Vehicle_Information_3rd_Factor,Violations_3rd_Violation_Statute,Collision_Witnesses_State,Property_Owner_Information_Phone_1,Driver_Information_First_Middle_Last_Name,Occupants_Ambulance_Hospital,Vehicle_Information_License_Plate_Number_Plate_Expiration,,,,Owner_License_Number
Driver_Information_Injury_Code,Vehicle_Information_3rd_Factor_code,Alcohol_and_Drugs_Presence_of_Drugs,Collision_Witnesses_Suffix,Property_Owner_Information_Phone_2,Driver_Information_Ejected,Occupants_Date_Of_Birth,Vehicle_Information_Vehicle_Damage_and_Roadway_Characteristics_Roadway_Character_Profile,,,,Owner_Phone_1
Driver_Information_Age,Vehicle_Information_Address_Line_1,Occupants_Address_Line_1,Collision_Witnesses_Last_Name,Property_Owner_Information_Address_Line_1,Driver_Information_Drivers_License_Number,Occupants_Drivers_License_Number,Vehicle_Information_Vehicle_Damage_and_Roadway_Characteristics_Roadway_Surface_Conditions,,,,Owner_Phone_2
Driver_Information_Last_Name,Vehicle_Information_Address_Line_2,Driver_Information_Last_Name,Collision_Witnesses_Zip_Code,Property_Owner_Information_Phone_3,Driver_Information_Driver_Conditions_and_Actions_Drivers_Action,Occupants_Ejected,Vehicle_Information_1st_Trailer,,,,Owner_Phone_3
Driver_Information_Address_Line_2,Vehicle_Information_City,Occupants_City,Collision_Witnesses_Address_Line_1,Property_Owner_Information_Other_Property_Damages,Driver_Information_Driver_Conditions_and_Actions_Distraction,Occupants_Ejection_Path,Vehicle_Information_Emergency_Use,,,,Owner_Written_Statement
Driver_Information_License_State,Vehicle_Information_Insurance_1,Occupants_Ejected,,,Driver_Information_Date_of_Birth,Occupants_Ethnicity,Vehicle_Information_Vehicle_Damage_and_Roadway_Characteristics_Point_of_First_Impact,,,,
Driver_Information_Safety_Equipment,Vehicle_Information_Insurance_1_Carrier,Occupants_Injury_Code,,,Driver_Information_Ambulance_Hospital,Occupants_First_Middle_Last_Name,Vehicle_Information_Vehicle_Damage_and_Roadway_Characteristics_Travel_Direction,,,,
Driver_Conditions_and_Actions_Drivers_4th_Action,Vehicle_Information_Insurance_1_End_Date,Violations_1st_Violation_Statute,,,Driver_Information_Alcohol_and_Drugs_Presence_of_Drugs,Occupants_Gender,Vehicle_Information_Rollover,,,,
Driver_Information_First_Name,Vehicle_Information_Insurance_2,Occupants_First_Name,,,Driver_Information_Alcohol_and_Drugs_Presence_of_Alcohol,Occupants_Injury_Code,Vehicle_Information_Towed,,,,
Driver_Information_Suffix,Vehicle_Information_Insurance_2_Carrier,Occupants_Suffix,,,Driver_Information_Air_Bag,Occupants_Medical_Transport,Vehicle_Information_Towed_Location,,,,
Driver_Information_Drivers_License_Number,Vehicle_Information_Insurance_2_End_Date,Occupants_Safety_Equipment,,,Driver_Information_Address,Occupants_Phone_1,Vehicle_Information_Gross_Weight,,,,
Driver_Information_Ejected,Vehicle_Information_Insurance_3,Alcohol_and_Drugs_Presence_of_Alcohol,,,Driver_Information_Ejected_code,Occupants_Phone_2,Vehicle_Information_Vehicle_Damage_and_Roadway_Characteristics_Extent_of_Damage,,,,
Driver_Information_City,Vehicle_Information_Insurance_3_Carrier,Occupants_State,,,Driver_Information_Alcohol_and_Drugs_Presence_of_Drugs_code,Occupants_Phone_3,Vehicle_Information_Vehicle_Damage_and_Roadway_Characteristics_Areas_of_Vehicle_Damage,,,,
Driver_Information_State,Vehicle_Information_Insurance_3_End_Date,Occupants_Zip_Code,,,Driver_Information_Alcohol_and_Drugs_Presence_of_Alcohol_code,Occupants_Race,Vehicle_Information_Vehicle_Damage_and_Roadway_Characteristics_Speed_Limit,,,,
Driver_Information_Zip_Code,Vehicle_Information_License_Plate_Number,Occupants_Phone_1,,,Driver_Information_Driver_Conditions_and_Actions_Distraction_code,Occupants_Safety_Equipment,Vehicle_Damage_and_Roadway_Characteristics_Events,,,,
Driver_Information_Date_of_Birth,Vehicle_Information_Owner_First_Name,Occupants_Date_Of_Birth,,,Driver_Information_Driver_Conditions_and_Actions_Drivers_Action_code,Occupants_Seat_Position,Vehicle_Information_Vehicle_No,,,,
Driver_Information_Phone_2,Vehicle_Information_Owner_Last_Name,Occupants_Phone_3,,,,Occupants_Trapped_Extricated,Vehicle_Information_Color,,,,
Driver_Information_Phone_1,Vehicle_Information_Owner_Middle_Name,Occupants_Phone_2,,,,Occupants_Vehicle_No,Vehicle_Information_No_of_Occupants,,,,
Driver_Information_Air_Bag,Vehicle_Information_Owner_Same_as_Driver,Occupants_Ambulance_Hospital,,,,Occupants_Written_Statement,Vehicle_Information_Vehicle_Damage_and_Roadway_Characteristics_Roadway_Surface_Conditions_code,,,,
Vehicle_Number,Vehicle_Information_Owner_Suffix,Occupants_Person_Type,,,,Occupants_Pass_Info,,,,,
Driver_Information_Ambulance_Hospital,Vehicle_Information_Phone_1,Violations_1st_Violation_Description,,,,Passenger,,,,,
Driver_Violations_1st_Violation_Description,Vehicle_Information_Phone_2,Violations_4th_Violation_Statute,,,,Occupants_Ejected_code,,,,,
Driver_Violations_2nd_Violation_Description,Vehicle_Information_Phone_3,Violations_5th_Violation_Statute,,,,Occupants_Alcohol_and_Drugs_Presence_of_Alcohol_code,,,,,
Driver_Violations_3rd_Violation_Description,Vehicle_Information_State,Alcohol_and_Drugs_Presence_of_Drugs_code,,,,Occupants_Alcohol_and_Drugs_Presence_of_Drugs_code,,,,,
Driver_Violations_4th_Violation_Description,Vehicle_Information_State,Alcohol_and_Drugs_Presence_of_Alcohol_code,,,,,,,,,
Driver_Violations_5th_Violation_Description,Vehicle_Information_Towed,Occupants_Safety_Equipment_code,,,,,,,,,
Driver_Violations_1st_Violation_Statute,Vehicle_Information_Vehicle_Make,Occupants_Ejected_code,,,,,,,,,
Driver_Violations_2nd_Violation_Statute,Vehicle_Information_Vehicle_Model,,,,,,,,,,
Driver_Violations_3rd_Violation_Statute,Vehicle_Information_Vehicle_Year,,,,,,,,,,
Driver_Violations_4th_Violation_Statute,Vehicle_Information_VIN,,,,,,,,,,
Driver_Violations_5th_Violation_Statute,Vehicle_Information_Zip_Code,,,,,,,,,,
Driver_Information_Safety_Equipment_code,,,,,,,,,,,
Driver_Conditions_and_Actions_Drivers_1st_Action_code,,,,,,,,,,,
Driver_Conditions_and_Actions_Drivers_2nd_Action_code,,,,,,,,,,,
Driver_Conditions_and_Actions_Drivers_3rd_Action_code,,,,,,,,,,,
Driver_Conditions_and_Actions_Drivers_4th_Action_code,,,,,,,,,,,
Alcohol_and_Drugs_Presence_of_Alcohol_code,,,,,,,,,,,
Alcohol_and_Drugs_Presence_of_Drugs_code,,,,,,,,,,,
Driver_Conditions_and_Actions_Distraction_code,,,,,,,,,,,
Driver_Information_Ejected_code,,,,,,,,,,,
