Weather_Condition,Road_Surface_Condition,Safety_Equipment_Restraint,Ejection,Contributing_Circumstances_Vehicle,Non_Motorist_Actions_At_Time_Of_Crash,Driver_Actions_at_Time_Of_Crash,Possible Vehicle Failures,Alcohol_Use_Suspected,Drug_Use_Suspected,Driver_Distracted_By,Photographs_Taken
01 = Clear,01 = Dry,00 = Not Applicable Occupant,00 = Not Applicable ,00 = None,00 = None ,00 = None,00 = None ,00 = No,00 = No,00 = None,Y = Yes
02 = Cloudy,02 = Wet,01 = None Used MV Occupant,01 = Not Ejected ,"01 = Inattentive-Eating,Reading,Talking,Etc",01 = Not Visible ,"01 = Inattentive-Eating,Reading,Talking,Etc",01 = Tires,01 = Yes,01 = Yes,01 = Cellular Telephone Present in Vehicle,N = No
03 = Fog,03 = Snow or Slush,02 = Shoulder And Lap Belt Used,02 = Totally Ejected ,02 = Interfered With By Passenger,02 = Darting Running Stumbling Into Road ,02 = Interfered With By Passenger,02 = Brake System ,08 = Not Reported,08 = Not Reported,02 = Cellular In Use In Vehicle,
04 = Smog/Smoke,04 = Ice/Frost ,03 = Shoulder Belt Only,03 = Partially Ejected ,03 = Driving On Wrong Side Of Road  ,03 = Crossing With Signal ,03 = Driving On Wrong Side Of Road  ,03 = Steering System ,99 = Unknown,99 = Unknown,"03 = Computer, Fax Machines, Printers",
05 = Rain,05 = Sand/Dirt/Mud/Gravel,04 = Lap Belt Only,99 = Unknown ,04 = Driving Wrong Way On One Way,04 = Crossing Against Signal ,04 = Driving Wrong Way On One Way,04 = Suspension ,,,04 = On-Board Navigation System,
06 = Sleet/Hail,06 = Water -standing/Moving,05 = Restraint Used Type Unknown,,05 = Failure To Comply With License Restrictions,05 = Crossing No Signal ,05 = Failure To Comply With License Restrictions,05 = Power Train ,,,05 = Other Electronic Device,
07 = Snow,07 = Oil,06 = Booster Seat,,06 = Failure To Keep In Proper Lane,06 = Waiting To Cross Roadway ,06 = Failure To Keep In Proper Lane,06 = Exhaust ,,,06 = Two Way Radio,
08 = Blowing Snow,98 = Other,07 = Child Restrain System-FF,,07 = Failure To Yield Right of Way,07 = Coming From Behind Parked Car ,07 = Failure To Yield Right of Way,07 = Headlights ,,,07 = Head Up Display,
09 = Severe Cross-winds,99 = Unknown,08 = Child Restrain System-RF,,08 = Failure To Obey Traffic Controls,08 = Getting On or Off Other Vehicle ,08 = Failure To Obey Traffic Controls,08 = Signal Lights ,,,97 = Other-Inside Vehicle,
10 = Blowing Sand/Soil/Dirt,,09 = Child Restraint Type Unknown,,09 = Failure To Observe Warnings Or Instructions,09 = Pushing Working On Vehicle ,09 = Failure To Observe Warnings Or Instructions,09 = Other Lights ,,,98 = Other-Outside Vehicle,
98 = Other,,10 = Child Restraint Used Improperly,,10 = Failure To Signal Intentions,10 = Emergency Services Personnel ,10 = Failure To Signal Intentions,10 = Horn ,,,99 = Unknown,
99 = Unknown,,11 = Booster Seat Used Improperly,,11 = Failure To Use Lights,11 = Law Enforcement Officer ,11 = Failure To Use Lights,11 = Mirrors ,,,,
,,12 = Safety Belt Used Improperly,,12 = Following Improperly,12 = Construction Maintenance Utility Worker ,12 = Following Improperly,12 = Wipers ,,,,
,,13 = DOT Compliant Motorcycle Helmet,,13 = Improper Backing,13 = Other Working In Roadway ,13 = Improper Backing,13 = Driver Seating/Control ,,,,
,,14 = NON Compliant Motorcycle Helmet,,14 = Improper Lane Changing,14 = Standing In Safety Zone ,14 = Improper Lane Changing,"14 = Body, Doors, Hood, Etc ",,,,
,,15 = Improper Use Of Compliant Motorcycle Helmet,,15 = Improper Passing,15 = Playing Lying Standing In Roadway ,15 = Improper Passing,15 = Trailer Hitch ,,,,
,,16 = No Helmet,,16 = Improper Turn,16 = Walking Cycling To From School ,16 = Improper Turn,16 = Wheels ,,,,
,,98 = Other,,17 = Improperly Towing Or Pushing Vehicle,17 = Walking Cycling In Beside Roadway With Traffic,17 = Improperly Towing Or Pushing Vehicle,17 = Airbags ,,,,
,,99 = Unknown,,18 = Improperly Carrying Hazardous Cargo,18 = Walking Cycling In Beside Roadway Against Traffic,18 = Improperly Carrying Hazardous Cargo,18 = Trailer Overloaded ,,,,
,,,,19 = Improper Loading Vehicle Cargo Or Passengers,19 = Walking Cycling On Sidewalk ,19 = Improper Loading Vehicle Cargo Or Passengers,19 = Unsecured/Shifted Trailer Load ,,,,
,,,,20 = Operator Inexperience,20 = Failure To Keep In Proper Lane ,20 = Operator Inexperience,20 = Improper Towing ,,,,
,,,,21 = Operating Without Required Equipment,21 = Failure To Yield Right of Way ,21 = Operating Without Required Equipment,21 = Obstructed Windshield ,,,,
,,,,22 = Over Correcting,22 = Failure To Obey Traffic Controls ,22 = Over Correcting,99 = Unknown ,,,,
,,,,23 = Swerved or Avoided,23 = Failure To Observe Walking Or Instructions ,23 = Swerved or Avoided,,,,,
,,,,24 = Careless Erratic Driving,24 = Failure To Signals Intentions ,24 = Careless Erratic Driving,,,,,
,,,,25 = Reckless Negligent Driving,25 = Failure To use Lights ,25 = Reckless Negligent Driving,,,,,
,,,,26 = Aggressive Driving Road Rage,26 = Improper Passing ,26 = Aggressive Driving Road Rage,,,,,
,,,,27 = Racing,27 = Improper Turn Merge ,27 = Racing,,,,,
,,,,28 = Exceeding Posted Speed Limit,28 = Improper Loading Of Vehicle Cargo or Passenger ,28 = Exceeding Posted Speed Limit,,,,,
,,,,29 = Speed Too Fast For Conditions,29 = Inattentive ,29 = Speed Too Fast For Conditions,,,,,
,,,,30 = Speed Too Slow,30 = Operator Inexperience ,30 = Speed Too Slow,,,,,
,,,,31 = Vision Obstructed Narrative,31 = Operating Without Required Equipment ,31 = Vision Obstructed Narrative,,,,,
,,,,38 = Driver Distractions,32 = Vision Obstructed by ,38 = Driver Distractions,,,,,
,,,,39 = Texting/PDA/Blackberry Distraction,98 = Other Action ,39 = Texting/PDA/Blackberry Distraction,,,,,
,,,,40 = GPS Distraction,99 = Unknown ,40 = GPS Distraction,,,,,
,,,,97 = Driverless,,97 = Driverless,,,,,
,,,,98 = Other,,98 = Other,,,,,
,,,,99 = Unknown,,99 = Unknown,,,,,
