Weather_Condition,Road_Surface_Condition,Safety_Equipment_Restraint,Safety_Equipment_Available_Or_Used,Safety_Equipment_Helmet,Ejection,Alcohol_Use_Suspected,Marijuana_Use_Suspected,Drug_Use_Suspected,Contributing_Circumstances_Person,Non_Motorist_Actions_At_Time_Of_Crash,Contributing_Circumstances_Vehicle
Clear = Clear,1 = Dry,A = None,3 = Unknown,A = N/A (cars/trucks),0 = No,Unknown = Unknown,0 = Marijuana Not Suspected,Unknown = Unknown,0 = No Apparent Contributing Factor,Cross Against Signal = Cross Against Signal,0 = No Vehicle Defects
None = None,2 = Wet,B = Shoulder and Lap Belt,0 = Not used,B = No Helmet,1 = Yes - Partial,Yes = Yes,1 = Marijuana Suspected,Yes = Yes,1 = Asleep at the Wheel,Cross/Enter at Intersection = Cross/Enter at Intersection,1 = Defective Head Light(s)
1 = Rain,3 = Muddy,C = Shoulder Belt Only,1 = Properly Used,"C = Available, not used",2 = Yes - Full,0 = No,2 = Unknown,0 = No,2 = Asleep or Fatigued,Cross/Enter NOT at intersection = Cross/Enter NOT at intersection,2 = Defective Brake/Tail Light(s)
2 = Sleet or Hail,4 = Snowy,D = Lap Belt Only,2 = Improperly Used,D = Helmet Improperly Used,3 = Extricated,Preliminary Breath Test - Yes = Preliminary Breath Test - Yes,,SFST - Yes = SFST - Yes,3 = Medical,Standing in Roadway = Standing in Roadway,3 = Defective Signaling Device
3 = Fog,5 = Icy,E = Child Safety Restraint,4 = Bicycle,E = Helmet Properly Used,,SFST - Yes = SFST - Yes,,3 = Observed - Yes,4 = Driver Inexperience,Playing in Roadway = Playing in Roadway,4 = Brakes Defective/Out of Adjustment
4 = Dust,6 = Slushy,Motorcycle = Motorcycle,,F = Unknown,,3 = Observed - Yes,,Drug Recognition Expert - Yes = Drug Recognition Expert - Yes,5 = Aggressive Driving,Soliciting Rides = Soliciting Rides,5 = Defective Tires
5 = Wind,7 = Foreign Material,G = Bicycle,,G = Bicycle Helmet,,5 = Other Method - Yes,,4 = Other Method - Yes,6 = Driver Unfamiliar with Area,Walking in Roadway in Direction of Traffic = Walking in Roadway in Direction of Traffic,6 = Sudden Tire Failure
6 = Cloudy,8 = Dry W/Visible Icy Road Treatment,H = Child Restraint - Forward Facing,,,,6 = Preliminary Breath Test - No,,5 = Drug Recognition Expert - No,7 = Driver Emotionally Upset,Walking in Roadway against Direction of Traffic = Walking in Roadway against Direction of Traffic,7 = Improper Tires for Condition
7 = Freezing Rain or Freezing Drizzle,9 = Wet W/Visible Icy Road Treatment,I = Child Restraint - Rear Facing,,,,7 = SFST - No,,6 = SFST - No,8 = Evading Law Enforcement Officer,Entering/Exiting Vehicle = Entering/Exiting Vehicle,8 = Mechanical Failure
8 = Snow,10 = Snowy W/Visible Icy Road Treatment,J = Child Restraint - Type Unknown,,,,8 = Observed - No,,7 = Observed - No,9 = Physical Disability,Pushing/Working on Vehicle = Pushing/Working on Vehicle,9 = Obstructed Window(s)
9 = Blowing Snow,11 = Icy W/Visible Icy Road Treatment,K = Booster Seat,,,,10 = Other Method - No,,8 = Other Method - No,"10 = DUI, DWAI, DUID",Lying in Roadway = Lying in Roadway,10 = Improper Load
,12 = Slushy w/Visible Icy Road Treatment,N/A (e.g. Motorcycle) = N/A (e.g. Motorcycle),,,,,,,11 = Distracted/Other Occupant,Other Factor = Other Factor,11 = Spilled Load - Commercial Aggregate
,13 = Sand/Gravel,,,,,,,,12 = Distracted/Cell Phone,No Apparent Contributing Factor = No Apparent Contributing Factor,12 = Spilled Load - Commercial Non-Aggregate
,14 = Roto-Milled,,,,,,,,13 = Distracted/Radio,"Not Visible (Dark Clothing, No Lighting, etc.) = Not Visible (Dark Clothing, No Lighting, etc.)",13 = Spilled Load - Other
,,,,,,,,,"14 = Distracted/Other (food, objects, pet, etc.)",Emotionally Upset = Emotionally Upset,14 = Parking Violation
,,,,,,,,,15 = Other Factor,Asleep or Fatigued = Asleep or Fatigued,15 = Other Defect(s)
,,,,,,,,,16 = Age/Driver Ability,Illness/Medical = Illness/Medical,16 = Cargo/Equipment Loss or Spill
,,,,,,,,,17 = Looked/Did Not See,Inexperience = Inexperience,17 = Cargo/Equipment Shift
,,,,,,,,,18 = Talking on Phone/Holding,Aggressive = Aggressive,
,,,,,,,,,19 = Talking on Phone/Hands Free,Unfamiliar With Area = Unfamiliar With Area,
,,,,,,,,,20 = Manipulating Electronic Device,Evading Law Enforcement Officer = Evading Law Enforcement Officer,
,,,,,,,,,21 = Distracted Eating/Drinking,Physical Disability = Physical Disability,
,,,,,,,,,22 = Distracted/Smoking,Distracted/Passenger = Distracted/Passenger,
,,,,,,,,,23 = Distracted/Manipulating Vehicle Control,Distracted/Headphones = Distracted/Headphones,
,,,,,,,,,24 = Distracted/Other Interior,Distracted/Cell Phone = Distracted/Cell Phone,
,,,,,,,,,25 = Distracted/Other Exterior,13 = Distracted - Manipulating Device,
,,,,,,,,,26 = Sun Glare,"14 = Distracted/Other i.e. Food, Object, Pet, etc.",
,,,,,,,,,27 = Not Observed,15 = Looked/Did Not See,
,,,,,,,,,28 = Illness,16 = Age/Ability,
,,,,,,,,,,17 = Sun Glare,
,,,,,,,,,,18 = Under The Influence of Alcohol or Drugs,
