Weather Conditions,Road Surface Conditions,Safety Equipment 1,Driver Actions,Pedestrian Actions,Possible Vehicle Failures,Injury Status,Alcohol Drug Use,Loss Cross Speed Limit,Safety Equipment Helmet,Ejection,State
1 = Not Adverse Conditions,0 = Dry,0 = None Used/ Not Applicable,0 = No Contributing Action,0 = None,0 = None,F = Fatality,Unknown = Unknown,99 = Unknown,9 = Unknown,0 = Not Applicable ,AK = Alaska
2 = Rain,1 = Wet,1 = Shoulder Belt Used,1 = Driver Was Distracted,1 = Entering Or Crossing At Specified Location,1 = Tires,I = Injury,No = No,5 = 5 MPH,0 = No Helmet,1 = Not Ejected ,AL = Alabama
3 = Sleet(Hail),"2 = Sand, Mud, Dirt, Oil",10 = Safety Belt Used Improperly,10 = Failure To Respond To other Traffic Control Device,"2 = Walking, Running, Jogging, or Playing",10 = Horn,O = No Injury,Illegal Drugs = Illegal Drugs,10 = 10 MPH,1 = Full Helmet,2 = Totally Ejected ,AR = Arkansas
4 = Snow,3 = Snow Covered,11 = Child Safety Seat Used Improperly,11 = Tailgating,3 = Working,11 = Mirrors,1 = Killed,Medication = Medication,15 = 15 MPH,2 = 3/4 Helmet Style,3 = Partially Ejected ,AZ = Arizona
5 = Fog,4 = slush,12 = Helmet Used Improperly,12 = Sudden Slowing/Stopping,4 = Pushing Vehicle,12 = Wipers,3 = Moderate Injury,Alcohol = Alcohol,20 = 20 MPH,3 = 1/2 Helmet Style,9 = Unknown ,BC = British Columbia
6 = Rain & Fog,5 = Ice,2 = Lap Belt Used,13 = Illegally Stopped On Road,5 = Approaching Or Leaving Vehicle,13 = Driver Seating/Control,2 = Major Injury,Alcohol and Drugs = Alcohol and Drugs,25 = 25 MPH,,,CA = California
7 = Sleet & Fog,6 = Ice Patches,21 = Child Safety Seat (Rear Facing),14 = Careless Passing Or Lane Change,6 = Working On Vehicle,"14 = Body, Doors, Hood, Etc",4 = Minor Injury,,30 = 30 MPH,,,CO = Colorado
8 = Other,7 = Water - Standing or Moving,22 = Child Safety Seat (Front Facing),15 = Passing In No Passing Zone,7 = Standing,15 = Trailer Hitch,8 = Injury Unknown Severity,,35 = 35 MPH,,,CT = Connecticut
9 = Unknown,8 = Other,23 = Booster Seat,16 = Driving The Wrong Way On 1-Way Street,98 = Other,16 = Wheels,9 = Unknown if Injury,,40 = 40 MPH,,,DC = Dist. Of Columbia
,,24 = Child Restraint Unknown,17 = Careless Or Illegal Backing On Roadway,99 = Unknown,17 = Airbags,,,45 = 45 MPH,,,DE = Delaware
,,3 = Lap and Shoulder Belt Used,18 = Driving On The Wrong Side Of Road,,18 = Trailer Overloaded,,,50 = 50 MPH,,,FL = Florida
,,4 = Child Safety Seat Used,19 = Making Improper Entrance To Highway,,19 = Unsecured/Shifted Trailer Load,,,55 = 55 MPH,,,GA = Georgia
,,5 = Motorcycle Helmet Used,2 = Driving Using Hand Held Phone,,2 = Brake System,,,60 = 60 MPH,,,GU = Guam
,,6 = Bicycle Helmet Used,20 = Making Improper Exit From Highway,,20 = Improper Towing,,,65 = 65 MPH,,,HI = Hawaii
,,"90 = Restraint Used, Type Unknown",21 = Careless Parking/Unparking,,21 = Obstructed Windshield,,,70 = 70 MPH,,,IA = Iowa
,,98 = Other Restraint Type,22 = Over/Under Compensation At Curve,,3 = Steering System,,,90 = Not Posted,,,ID = Idaho
,,99 = Unknown,23 = Speeding,,4 = Suspension,,,,,,IL = Illinois
,,,24 = Driving Too Fast For Conditions,,5 = Power Train,,,,,,IN = Indiana
,,,25 = Failure To Maintain Proper Speed,,6 = Exhaust,,,,,,KS = Kansas
,,,26 = Driver Fleeing Police (Pol Chase),,7 = Headlights,,,,,,KY = Kentucky
,,,27 = Driver Inexperience,,8 = Signal Lights,,,,,,LA = Louisiana
,,,28 = Failure To Use Specialized Equip,,9 = Other Lights,,,,,,MA = Massachusetts
,,,3 = Driving Using Hands Free Phone,,99 = Unknown,,,,,,MD = Maryland
,,,31 = Texting/Typing on Eletronic Device,,,,,,,,ME = Maine
,,,32 = Dialing,,,,,,,,MI = Michigan
,,,4 = Making Illegal U-Turn,,,,,,,,MN = Minnesota
,,,5 = Improper/Careless Turning,,,,,,,,MO = Missouri
,,,6 = Turning From Wrong Lane,,,,,,,,MS = Mississippi
,,,7 = Proceeding W/O Clearance After Stop,,,,,,,,MT = Montana
,,,8 = Running Stop Sign,,,,,,,,NB = New Brunswick
,,,9 = Running Red Light,,,,,,,,NC = North Carolina
,,,92 = Affected By Physical Condition,,,,,,,,ND = North Dakota
,,,98 = Other Improper Driving Actions,,,,,,,,NE = Nebraska
,,,99 = Unknown,,,,,,,,NH = New Hampshire
,,,,,,,,,,,NJ = New Jersey
,,,,,,,,,,,NM = New Mexico
,,,,,,,,,,,NS = Nova Scotia
,,,,,,,,,,,NV = Nevada
,,,,,,,,,,,NY = New York
,,,,,,,,,,,OH = Ohio
,,,,,,,,,,,OK = Oklahoma
,,,,,,,,,,,ON = Ontario
,,,,,,,,,,,OR = Oregon
,,,,,,,,,,,PA = Pennsylvania
,,,,,,,,,,,PE = Prince Edward
,,,,,,,,,,,PQ = Quebec
,,,,,,,,,,,PR = Puerto Rico
,,,,,,,,,,,RI = Rhode Island
,,,,,,,,,,,SC = South Carolina
,,,,,,,,,,,SD = South Dakota
,,,,,,,,,,,TN = Tennessee
,,,,,,,,,,,TX = Texas
,,,,,,,,,,,UT = Utah
,,,,,,,,,,,VA = Virginia
,,,,,,,,,,,VT = Vermont
,,,,,,,,,,,WA = Washington
,,,,,,,,,,,WI = Wisconsin
,,,,,,,,,,,WV = West Virginia
,,,,,,,,,,,WY = Wyoming
,,,,,,,,,,,AK  = AK 
,,,,,,,,,,,AL  = AL 
,,,,,,,,,,,AR  = AR 
,,,,,,,,,,,AZ  = AZ 
,,,,,,,,,,,BC  = BC 
,,,,,,,,,,,CA  = CA 
,,,,,,,,,,,CO  = CO 
,,,,,,,,,,,CT  = CT 
,,,,,,,,,,,DC  = DC 
,,,,,,,,,,,DE  = DE 
,,,,,,,,,,,FL  = FL 
,,,,,,,,,,,GA  = GA 
,,,,,,,,,,,GU  = GU 
,,,,,,,,,,,HI  = HI 
,,,,,,,,,,,IA  = IA 
,,,,,,,,,,,ID  = ID 
,,,,,,,,,,,IL  = IL 
,,,,,,,,,,,IN  = IN 
,,,,,,,,,,,KS  = KS 
,,,,,,,,,,,KY  = KY 
,,,,,,,,,,,LA  = LA 
,,,,,,,,,,,MA  = MA 
,,,,,,,,,,,MD  = MD 
,,,,,,,,,,,ME  = ME 
,,,,,,,,,,,MI  = MI 
,,,,,,,,,,,MN  = MN 
,,,,,,,,,,,MO  = MO 
,,,,,,,,,,,MS  = MS 
,,,,,,,,,,,MT  = MT 
,,,,,,,,,,,NB  = NB 
,,,,,,,,,,,NC  = NC 
,,,,,,,,,,,ND  = ND 
,,,,,,,,,,,NE  = NE 
,,,,,,,,,,,NH  = NH 
,,,,,,,,,,,NJ  = NJ 
,,,,,,,,,,,NM  = NM 
,,,,,,,,,,,NS  = NS 
,,,,,,,,,,,NV  = NV 
,,,,,,,,,,,NY  = NY 
,,,,,,,,,,,OH  = OH 
,,,,,,,,,,,OK  = OK 
,,,,,,,,,,,ON  = ON 
,,,,,,,,,,,OR  = OR 
,,,,,,,,,,,PA  = PA 
,,,,,,,,,,,PE  = PE 
,,,,,,,,,,,PQ  = PQ 
,,,,,,,,,,,PR  = PR 
,,,,,,,,,,,RI  = RI 
,,,,,,,,,,,SC  = SC 
,,,,,,,,,,,SD  = SD 
,,,,,,,,,,,TN  = TN 
,,,,,,,,,,,TX  = TX 
,,,,,,,,,,,UT  = UT 
,,,,,,,,,,,VA  = VA 
,,,,,,,,,,,VT  = VT 
,,,,,,,,,,,WA  = WA 
,,,,,,,,,,,WI  = WI 
,,,,,,,,,,,WV  = WV 
,,,,,,,,,,,WY  = WY 
