Weather Condition Type 1,Weather Condition Type 2,Road Surface Condition Type 1,Road Surface Condition Type 2,Safety Equipment Type 1,Safety Equipment Type 2,Ejection Type 1,Ejection Type 2,Alcohol Drug Use Type 1,Driver Distracted By Type 1,Driver Distracted By Type 2,Contributing Circumstances Person Type 1,Contributing Circumstances Person Type 2,Contributing Circumstances Vehicle Type 1,Contributing Circumstances Vehicle Type 2,Injury Status Type 1,Injury Status Type 2,Weather Condition,Road Surface Condition,Safety Equipment,Ejection,Alcohol Drug Use,Driver Distracted By,Contributing Circumstances Person,Contributing Circumstances Vehicle,Injury Status,State
1 = CLEAR,1 = CLEAR,01 = DRY,1 = DRY,01 = NONE USED - Vehicle Occupant,1 = NONE USED,1 = Not Ejected,1 = Not Ejected,1 = None,1 = NOT DISTRACTED,1 = NOT DISTRACTED,01 = NONE,1 = NONE,01 = Turn signals,01 = Turn signals,1 = No Apparent Injury,1 = Fatal,1 = Clear,99 = Unknown,OTHER/UNKNOWN = OTHER/UNKNOWN,1 = Not Ejected,1 = None,OTHER/UNKNOWN = OTHER/UNKNOWN,01 = NONE,1 = Turn signals,Fatal = Fatal,AK = Alaska
2 = CLOUDY,2 = CLOUDY,02 = WET,2 = WET,02 = SHOULDER BELT ONLY USED,2 = SHOULDER BELT ONLY USED,2 = Totally Ejected,2 = Partially Ejected,2 = Yes - Alcohol Suspected,2 = PHONE,"2 = MANUALLY OPERATING AN ELECTORNIC COMMUNICATION DEVICE (TEXTING, TYPING, DIALING)",02 = FAILURE TO YIELD,2 = FAILURE TO YIELD,02 = Head lamps,02 = Head lamps,2 = Possible,2 = Suspected Serious Injury,2 = CLOUDY,1 = DRY,1 = NONE USED,4 = Not Applicable,2 = Yes - Alcohol Suspected,1 = NOT DISTRACTED,02 = FAILURE TO YIELD,2 = Head lamps,Suspected Serious Injury = Suspected Serious Injury,AL = Alabama
"3 = FOG, SMOG, SMOKE","3 = FOG, SMOG, SMOKE",03 = SNOW,3 = SNOW,03 = LAP BELT ONLY USED,3 = LAP BELT ONLY USED,3 = Partially Ejected,3 = Totally Ejected,3 = Yes - HBD Not Impaired,3 = TEXTING/EMAILING,3 = TALKING ON HANDS-FREE COMMUNICATION DEVICE,03 = RAN RED LIGHT,3 = RAN RED LIGHT,03 = Tail lamps,03 = Tail lamps,3 = Non-Incapacitating,3 = Suspected Minor Injury,"3 = FOG, SMOG, SMOKE",2 = WET,2 = SHOULDER BELT ONLY USED,2 = Totally Ejected,3 = Yes - HBD Not Impaired,"MANUALLY OPERATING AN ELECTORNIC COMMUNICATION DEVICE (TEXTING, TYPING, DIALING) = MANUALLY OPERATING AN ELECTORNIC COMMUNICATION DEVICE (TEXTING, TYPING, DIALING)",03 = RAN RED LIGHT,3 = Tail lamps,Suspected Minor Injury = Suspected Minor Injury,AR = Arkansas
4 = RAIN,4 = RAIN,04 = ICE,4 = ICE,04 = SHOULDER & LAP BELT USED,4 = SHOULDER & LAP BELT USED,4 = Not Applicable,4 = Not Applicable,4 = Yes - Drugs Suspected,4 = ELETRONIC COMMUNICATION DEVICE,4 = TALKING ON HAND-HELD COMMUNICATION DEVICE,04 = RAN STOP SIGN,4 = RAN STOP SIGN,04 = Brakes,04 = Brakes,4 = Incapacitating,4 = Possible Injury,4 = RAIN,3 = SNOW,3 = LAP BELT ONLY USED,3 = Partially Ejected,4 = Yes - Drugs Suspected,TALKING ON HANDS-FREE COMMUNICATION DEVICE = TALKING ON HANDS-FREE COMMUNICATION DEVICE,04 = RAN STOP SIGN,4 = Brakes,Possible Injury = Possible Injury,AZ = Arizona
"5 = SLEET, HAIL","5 = SLEET, HAIL","05 = SAND, MUD, DIRT, OIL, GRAVEL","5 = SAND, MUD, DIRT, OIL, GRAVEL",05 = CHILD RESTRAINT SYSTEM - FORWARD FACING,5 = CHILD RESTRAINT SYSTEM - FORWARD FACING,,,5 = Yes - Alcohol and Drugs Suspected,"5 = OTHER ELETRONIC DEVICE (NAVIGATION DEVICE, RADIO, DVD)",5 = OTHER ACTIVITY WITH AN ELECTRONIC DEVICE,05 = EXCEEDED SPEED LIMIT,5 = UNSAFE SPEED,05 = Steering,05 = Steering,5 = Fatal,5 = No Apparent Injury,"5 = SLEET, HAIL",4 = ICE,4 = SHOULDER & LAP BELT USED,,5 = Yes - Alcohol and Drugs Suspected,TALKING ON HAND-HELD COMMUNICATION DEVICE = TALKING ON HAND-HELD COMMUNICATION DEVICE,UNSAFE SPEED = UNSAFE SPEED,5 = Steering,No Apparent Injury = No Apparent Injury,BC = British Columbia
6 = SNOW,6 = SNOW,"06 = WATER (STANDING, MOVING)","6 = WATER (STANDING, MOVING)",06 = CHILD RESTRAINT SYSTEM- REAR FACING,6 = CHILD RESTRAINT SYSTEM- REAR FACING,,,,6 = OTHER INSIDE THE VEHICLE,6 = PASSENGER,06 = UNSAFE SPEED,6 = IMPROPER TURN,06 = Tire blowout,06 = Tire blowout,,,6 = SNOW,"5 = SAND, MUD, DIRT, OIL, GRAVEL",5 = CHILD RESTRAINT SYSTEM - FORWARD FACING,,,OTHER ACTIVITY WITH AN ELECTRONIC DEVICE = OTHER ACTIVITY WITH AN ELECTRONIC DEVICE,IMPROPER TURN = IMPROPER TURN,6 = Tire blowout,Possible = Possible,CA = California
7 = SEVERE CROSSWINDS,7 = SEVERE CROSSWINDS,07 = SLUSH,7 = SLUSH,07 = BOOSTER SEAT,7 = BOOSTER SEAT,,,,7 = EXTERNAL DISTRACTION,7 = OTHER DISTRACTION INSIDE THE VEHICLE,07 = IMPROPER TURN,7 = LEFT OF CENTER,07 = Worn or slick tires,07 = Worn or slick tires,,,7 = SEVERE CROSSWINDS,"6 = WATER (STANDING, MOVING)",6 = CHILD RESTRAINT SYSTEM- REAR FACING,,,PASSENGER = PASSENGER,LEFT OF CENTER = LEFT OF CENTER,7 = Worn or slick tires,Non-Incapacitating = Non-Incapacitating,CO = Colorado
"8 = BLOWING SAND, SOIL, DIRT, SNOW","8 = BLOWING SAND, SOIL, DIRT, SNOW",08 = Debris*,9 = OTHER/UNKNOWN,08 = HELMET USED,8 = HELMET USED,,,,,8 = OTHER DISTRACTION OUTSIDE THE VEHICLE,08 = LEFT OF CENTER,8 = FOLLOWING TOO CLOSE/ACDA,08 = Trailer equipment defective,08 = Trailer equipment defective,,,"8 = BLOWING SAND, SOIL, DIRT, SNOW",7 = SLUSH,7 = BOOSTER SEAT,,,OTHER DISTRACTION INSIDE THE VEHICLE = OTHER DISTRACTION INSIDE THE VEHICLE,FOLLOWING TOO CLOSE/ACDA = FOLLOWING TOO CLOSE/ACDA,8 = Trailer equipment defective,Incapacitating = Incapacitating,CT = Connecticut
99 = OTHER/UNKNOWN,9 = FREEZING RAIN OR FREEZING DRIZZLE,"09 = Rut Holes, Bumps, Uneven Pavement",,09 = NONE USED,"9 = PROTECTIVE PADS USED (ELBOW, KNEES, ETC.)",,,,,9 = OTHER/UNKNOWN,09 = FOLLOWING TOO CLOSE/ACDA,9 = IMPROPER LANE CHANGE,09 = motor trouble,09 = motor trouble,,,FREEZING RAIN OR FREEZING DRIZZLE = FREEZING RAIN OR FREEZING DRIZZLE,9 = OTHER/UNKNOWN,8 = HELMET USED,,,PHONE = PHONE,IMPROPER LANE CHANGE = IMPROPER LANE CHANGE,9 = motor trouble,,DC = Dist. Of Columbia
,99 = OTHER/UNKNOWN,10 = Other,,10 = HELMET USED,10 = REFLECTIVE CLOTHING,,,,,,10 = IMPROPER LANE CHANGE / PASSING/ OFF ROAD,1 = IMPROPER PASSING,10 = Disabled from prior accident,10 = Disabled from prior accident,,,OTHER/UNKNOWN = OTHER/UNKNOWN,08 = Debris*,"9 = PROTECTIVE PADS USED (ELBOW, KNEES, ETC.)",,,TEXTING/EMAILING = TEXTING/EMAILING,IMPROPER PASSING = IMPROPER PASSING,10 = Disabled from prior accident,,DE = Delaware
,,99 = Unknown,,"11 = PROTECTIVE PADS USED (ELBOW, KNEES, ETC.)",11 = LIGHTING - PEDESTRIAN/BICYCLE ONLY,,,,,,11 = IMPROPER BACKING,11 = DROVE OFF ROAD,11 = Other defects,11 = Other defects,,,,"09 = Rut Holes, Bumps, Uneven Pavement",REFLECTIVE CLOTHING = REFLECTIVE CLOTHING,,,OTHER DISTRACTION OUTSIDE THE VEHICLE = OTHER DISTRACTION OUTSIDE THE VEHICLE,DROVE OFF ROAD = DROVE OFF ROAD,11 = Other defects,,FL = Florida
,,,,12 = REFLECTIVE CLOTHING,99 = OTHER/UNKNOWN,,,,,,12 = IMPROPER START FROM A PARKED POSITION,12 = IMPROPER BACKING,,,,,,10 = Other,LIGHTING - PEDESTRIAN/BICYCLE ONLY = LIGHTING - PEDESTRIAN/BICYCLE ONLY,,,ELETRONIC COMMUNICATION DEVICE = ELETRONIC COMMUNICATION DEVICE,IMPROPER BACKING = IMPROPER BACKING,,,GA = Georgia
,,,,13 = LIGHTING - PEDESTRIAN/BICYCLE ONLY,,,,,,,13 = STOPPED OR PARKED ILLEGALLY,13 = IMPROPER START FROM A PARKED POSITION,,,,,,,01 = NONE USED - Vehicle Occupant,,,"OTHER ELETRONIC DEVICE (NAVIGATION DEVICE, RADIO, DVD) = OTHER ELETRONIC DEVICE (NAVIGATION DEVICE, RADIO, DVD)",IMPROPER START FROM A PARKED POSITION = IMPROPER START FROM A PARKED POSITION,,,GU = Guam
,,,,14 = OTHER,,,,,,,14 = OPERATING VEHICLE IN NEGLIGENT MANNER,14 = STOPPED OR PARKED ILLEGALLY,,,,,,,09 = NONE USED,,,8 = OTHER INSIDE THE VEHICLE,STOPPED OR PARKED ILLEGALLY = STOPPED OR PARKED ILLEGALLY,,,HI = Hawaii
,,,,99 = Unknown Safety Equipment,,,,,,,15 = SWERVING TO AVOID,15 = SWERVING TO AVOID,,,,,,,99 = Unknown Safety Equipment,,,9 = EXTERNAL DISTRACTION,15 = SWERVING TO AVOID,,,IA = Iowa
,,,,,,,,,,,16 = WRONG WAY,16 = WRONG WAY,,,,,,,,,,,16 = WRONG WAY,,,ID = Idaho
,,,,,,,,,,,17 = FAILURE TO CONTROL,17 = VISION OBSTRUCTION,,,,,,,,,,,VISION OBSTRUCTION = VISION OBSTRUCTION,,,IL = Illinois
,,,,,,,,,,,18 = VISION OBSTRUCTION,18 = OPERATING DEFECTIVE EQUIPMENT,,,,,,,,,,,OPERATING DEFECTIVE EQUIPMENT = OPERATING DEFECTIVE EQUIPMENT,,,IN = Indiana
,,,,,,,,,,,19 = OPERATING DEFECTIVE EQUIPMENT,19 = LOAD SHIFTING/FALLING/SPILLING,,,,,,,,,,,LOAD SHIFTING/FALLING/SPILLING = LOAD SHIFTING/FALLING/SPILLING,,,KS = Kansas
,,,,,,,,,,,20 = LOAD SHIFTING/FALLING/SPILLING,2 = IMPROPER CROSSING,,,,,,,,,,,IMPROPER CROSSING = IMPROPER CROSSING,,,KY = Kentucky
,,,,,,,,,,,21 = OTHER IMPROPER ACTION,21 = LYING IN ROADWAY,,,,,,,,,,,LYING IN ROADWAY = LYING IN ROADWAY,,,LA = Louisiana
,,,,,,,,,,,22 = NONE,22 = NOT DISCERNIBLE,,,,,,,,,,,NOT DISCERNIBLE = NOT DISCERNIBLE,,,MA = Massachusetts
,,,,,,,,,,,23 = IMPROPER CROSSING,23 = OPENING DOOR INTO ROADWAY,,,,,,,,,,,OPENING DOOR INTO ROADWAY = OPENING DOOR INTO ROADWAY,,,MD = Maryland
,,,,,,,,,,,24 = DARTING,99 = OTHER IMPROPER ACTION,,,,,,,,,,,OTHER IMPROPER ACTION = OTHER IMPROPER ACTION,,,ME = Maine
,,,,,,,,,,,25 = LYING IN ROADWAY,,,,,,,,,,,,EXCEEDED SPEED LIMIT = EXCEEDED SPEED LIMIT,,,MI = Michigan
,,,,,,,,,,,26 = FAILURE,,,,,,,,,,,,IMPROPER LANE CHANGE / PASSING/ OFF ROAD = IMPROPER LANE CHANGE / PASSING/ OFF ROAD,,,MN = Minnesota
,,,,,,,,,,,27 = NOT VISIBLE (DARK CLOTHING),,,,,,,,,,,,OPERATING VEHICLE IN NEGLIGENT MANNER = OPERATING VEHICLE IN NEGLIGENT MANNER,,,MO = Missouri
,,,,,,,,,,,28 = INATTENTIVE,,,,,,,,,,,,FAILURE TO CONTROL = FAILURE TO CONTROL,,,MS = Mississippi
,,,,,,,,,,,29 = FAILURE TO OBEY TRAFFIC SIGNS/SIGNALS/OFFICER,,,,,,,,,,,,NONE = NONE,,,MT = Montana
,,,,,,,,,,,30 = WRONG SIDE OF THE ROAD,,,,,,,,,,,,24 = DARTING,,,NB = New Brunswick
,,,,,,,,,,,31 = OTHER NONMOTORIST ACTION,,,,,,,,,,,,26 = FAILURE,,,NC = North Carolina
,,,,,,,,,,,,,,,,,,,,,,,27 = NOT VISIBLE (DARK CLOTHING),,,ND = North Dakota
,,,,,,,,,,,,,,,,,,,,,,,28 = INATTENTIVE,,,NE = Nebraska
,,,,,,,,,,,,,,,,,,,,,,,29 = FAILURE TO OBEY TRAFFIC SIGNS/SIGNALS/OFFICER,,,NH = New Hampshire
,,,,,,,,,,,,,,,,,,,,,,,30 = WRONG SIDE OF THE ROAD,,,NJ = New Jersey
,,,,,,,,,,,,,,,,,,,,,,,31 = OTHER NONMOTORIST ACTION,,,NM = New Mexico
,,,,,,,,,,,,,,,,,,,,,,,,,,NS = Nova Scotia
,,,,,,,,,,,,,,,,,,,,,,,,,,NV = Nevada
,,,,,,,,,,,,,,,,,,,,,,,,,,NY = New York
,,,,,,,,,,,,,,,,,,,,,,,,,,OH = Ohio
,,,,,,,,,,,,,,,,,,,,,,,,,,OK = Oklahoma
,,,,,,,,,,,,,,,,,,,,,,,,,,ON = Ontario
,,,,,,,,,,,,,,,,,,,,,,,,,,OR = Oregon
,,,,,,,,,,,,,,,,,,,,,,,,,,PA = Pennsylvania
,,,,,,,,,,,,,,,,,,,,,,,,,,PE = Prince Edward
,,,,,,,,,,,,,,,,,,,,,,,,,,PQ = Quebec
,,,,,,,,,,,,,,,,,,,,,,,,,,PR = Puerto Rico
,,,,,,,,,,,,,,,,,,,,,,,,,,RI = Rhode Island
,,,,,,,,,,,,,,,,,,,,,,,,,,SC = South Carolina
,,,,,,,,,,,,,,,,,,,,,,,,,,SD = South Dakota
,,,,,,,,,,,,,,,,,,,,,,,,,,TN = Tennessee
,,,,,,,,,,,,,,,,,,,,,,,,,,TX = Texas
,,,,,,,,,,,,,,,,,,,,,,,,,,UT = Utah
,,,,,,,,,,,,,,,,,,,,,,,,,,VA = Virginia
,,,,,,,,,,,,,,,,,,,,,,,,,,VT = Vermont
,,,,,,,,,,,,,,,,,,,,,,,,,,WA = Washington
,,,,,,,,,,,,,,,,,,,,,,,,,,WI = Wisconsin
,,,,,,,,,,,,,,,,,,,,,,,,,,WV = West Virginia
,,,,,,,,,,,,,,,,,,,,,,,,,,WY = Wyoming
,,,,,,,,,,,,,,,,,,,,,,,,,,AK  = AK 
,,,,,,,,,,,,,,,,,,,,,,,,,,AL  = AL 
,,,,,,,,,,,,,,,,,,,,,,,,,,AR  = AR 
,,,,,,,,,,,,,,,,,,,,,,,,,,AZ  = AZ 
,,,,,,,,,,,,,,,,,,,,,,,,,,BC  = BC 
,,,,,,,,,,,,,,,,,,,,,,,,,,CA  = CA 
,,,,,,,,,,,,,,,,,,,,,,,,,,CO  = CO 
,,,,,,,,,,,,,,,,,,,,,,,,,,CT  = CT 
,,,,,,,,,,,,,,,,,,,,,,,,,,DC  = DC 
,,,,,,,,,,,,,,,,,,,,,,,,,,DE  = DE 
,,,,,,,,,,,,,,,,,,,,,,,,,,FL  = FL 
,,,,,,,,,,,,,,,,,,,,,,,,,,GA  = GA 
,,,,,,,,,,,,,,,,,,,,,,,,,,GU  = GU 
,,,,,,,,,,,,,,,,,,,,,,,,,,HI  = HI 
,,,,,,,,,,,,,,,,,,,,,,,,,,IA  = IA 
,,,,,,,,,,,,,,,,,,,,,,,,,,ID  = ID 
,,,,,,,,,,,,,,,,,,,,,,,,,,IL  = IL 
,,,,,,,,,,,,,,,,,,,,,,,,,,IN  = IN 
,,,,,,,,,,,,,,,,,,,,,,,,,,KS  = KS 
,,,,,,,,,,,,,,,,,,,,,,,,,,KY  = KY 
,,,,,,,,,,,,,,,,,,,,,,,,,,LA  = LA 
,,,,,,,,,,,,,,,,,,,,,,,,,,MA  = MA 
,,,,,,,,,,,,,,,,,,,,,,,,,,MD  = MD 
,,,,,,,,,,,,,,,,,,,,,,,,,,ME  = ME 
,,,,,,,,,,,,,,,,,,,,,,,,,,MI  = MI 
,,,,,,,,,,,,,,,,,,,,,,,,,,MN  = MN 
,,,,,,,,,,,,,,,,,,,,,,,,,,MO  = MO 
,,,,,,,,,,,,,,,,,,,,,,,,,,MS  = MS 
,,,,,,,,,,,,,,,,,,,,,,,,,,MT  = MT 
,,,,,,,,,,,,,,,,,,,,,,,,,,NB  = NB 
,,,,,,,,,,,,,,,,,,,,,,,,,,NC  = NC 
,,,,,,,,,,,,,,,,,,,,,,,,,,ND  = ND 
,,,,,,,,,,,,,,,,,,,,,,,,,,NE  = NE 
,,,,,,,,,,,,,,,,,,,,,,,,,,NH  = NH 
,,,,,,,,,,,,,,,,,,,,,,,,,,NJ  = NJ 
,,,,,,,,,,,,,,,,,,,,,,,,,,NM  = NM 
,,,,,,,,,,,,,,,,,,,,,,,,,,NS  = NS 
,,,,,,,,,,,,,,,,,,,,,,,,,,NV  = NV 
,,,,,,,,,,,,,,,,,,,,,,,,,,NY  = NY 
,,,,,,,,,,,,,,,,,,,,,,,,,,OH  = OH 
,,,,,,,,,,,,,,,,,,,,,,,,,,OK  = OK 
,,,,,,,,,,,,,,,,,,,,,,,,,,ON  = ON 
,,,,,,,,,,,,,,,,,,,,,,,,,,OR  = OR 
,,,,,,,,,,,,,,,,,,,,,,,,,,PA  = PA 
,,,,,,,,,,,,,,,,,,,,,,,,,,PE  = PE 
,,,,,,,,,,,,,,,,,,,,,,,,,,PQ  = PQ 
,,,,,,,,,,,,,,,,,,,,,,,,,,PR  = PR 
,,,,,,,,,,,,,,,,,,,,,,,,,,RI  = RI 
,,,,,,,,,,,,,,,,,,,,,,,,,,SC  = SC 
,,,,,,,,,,,,,,,,,,,,,,,,,,SD  = SD 
,,,,,,,,,,,,,,,,,,,,,,,,,,TN  = TN 
,,,,,,,,,,,,,,,,,,,,,,,,,,TX  = TX 
,,,,,,,,,,,,,,,,,,,,,,,,,,UT  = UT 
,,,,,,,,,,,,,,,,,,,,,,,,,,VA  = VA 
,,,,,,,,,,,,,,,,,,,,,,,,,,VT  = VT 
,,,,,,,,,,,,,,,,,,,,,,,,,,WA  = WA 
,,,,,,,,,,,,,,,,,,,,,,,,,,WI  = WI 
,,,,,,,,,,,,,,,,,,,,,,,,,,WV  = WV 
,,,,,,,,,,,,,,,,,,,,,,,,,,WY  = WY 
